rank,driver_id,transport_type,WAPU,WADO,PACE PU Succeded,PACE DO Succeded,PACE PU vs DO,Online Rate,Cancelations,IAB,score_WAPU,score_WADO,score_PACE PU Succeded,score_PACE DO Succeded,score_PACE PU vs DO,score_Online Rate,score_Cancelations,score_IAB,Total_Score
0,427199,e_motorbike,3.6094936953776156,2.784292654201731,3.981533600396977,4.021643876185794,-0.04011027578881684,0.9970462962962964,0.0,0.936940836940837,0.22526920686303734,0.023636004212470568,0.006731966302676839,0.04554583790714335,0.059613146383037295,0.9970462962962964,0.0,0.936940836940837,1.573190971568768
1,370425,e_motorbike,2.280903570973587,2.573067181554795,4.493186714307743,4.748132923462706,-0.25494620915496313,0.9657199265381082,0.007538150395293252,0.8592592592592593,0.09082676117340098,0.019769536801877593,0.014575049752698261,0.0788233504030078,0.0563630939802336,0.9657199265381082,0.007538150395293252,0.8592592592592593,1.557083243290856
2,653770,e_motorbike,3.264296939442411,4.915755711693747,4.373149075948188,4.111341640531946,0.2618074354162411,0.9638055555555556,0.006481481481481481,0.9777777777777779,0.1903381206991421,0.06265228546587313,0.012735003852065514,0.04965452816898349,0.06418057775904758,0.9638055555555556,0.006481481481481481,0.9777777777777779,1.55554133590674
3,505787,motorbike,1.889047619047619,3.471547619047619,5.843614602071067,5.006639741763304,0.8369748603077634,0.9898333333333333,0.0,0.8500000000000001,0.051174146294452126,0.03621615797444816,0.03527563444377687,0.09066449777957017,0.07288174912267233,0.9898333333333333,0.0,0.8500000000000001,1.5536211477184136
4,476245,e_bike,3.761104339654766,3.093548466018914,5.493655828148883,5.11536186052076,0.3782939676281239,1.0,0.0020964360587002098,1.0,0.24061096308627047,0.029296910082125188,0.029911148636274167,0.09564461644631317,0.065942793827736,1.0,0.0020964360587002098,1.0,1.5364971318625806
5,681641,bike,3.204832140852974,6.103496141975309,5.243727851079086,5.781015376541525,-0.537287525462439,1.0,0.0,1.0,0.18432076981871787,0.08439379044810355,0.02608002569895667,0.12613550034927976,0.05209181561865729,1.0,0.0,1.0,1.526978098066285
6,634083,bike,3.3622071967210854,3.784519725353059,5.443791024886275,6.0422038215365665,-0.5984127966502915,0.9980314051164565,0.0,0.9876543209876544,0.20024583731155576,0.041945090353154704,0.029146775660571448,0.13809948215282775,0.05116710841822109,0.9980314051164565,0.0,0.9876543209876544,1.5250814322077801
7,440895,e_motorbike,3.2711899830262148,5.436085273728126,4.535115309596377,4.407152074414019,0.12796323518235816,1.010643021120294,0.015680452453547447,0.9214646464646464,0.19103564028823852,0.07217688147772267,0.0152177693274457,0.06320440266029931,0.062155773724844904,1.010643021120294,0.015680452453547447,0.9214646464646464,1.512636747652842
8,465779,e_motorbike,3.4239129119178697,6.723440762580923,4.034713282633903,3.7555035566404604,0.2792097259934424,0.9992592592592592,0.029924812030075187,0.9500000000000001,0.20648995061008352,0.09574183309611609,0.007547152752812615,0.03335503084333442,0.06444384077756846,0.9992592592592592,0.029924812030075187,0.9500000000000001,1.5117566391492692
9,367910,e_motorbike,3.612553926453751,4.010726792708042,5.174984075632981,4.564487811455818,0.6104962641771623,0.992964416896235,0.0026041666666666665,0.9545454545454546,0.22557887719905287,0.04608579480046247,0.02502625869777046,0.070411313728098,0.06945556573703086,0.992964416896235,0.0026041666666666665,0.9545454545454546,1.5083478946126083
10,471342,e_bike,3.239583333333333,6.220833333333333,9.270101269434083,4.580423174621154,4.68967809481293,0.9978333333333333,0.0,1.0,0.1878373060490218,0.08654163947763155,0.0877999329222981,0.07114124799049092,0.13116570194378926,0.9978333333333333,0.0,1.0,1.4333475049501017
11,379780,e_motorbike,4.264814814814815,3.542034556878307,4.6172587466730395,3.585889728583483,1.0313690180895565,0.9935729166666667,0.0,0.871875,0.29158234015441126,0.03750641641051469,0.016476938507399536,0.025585710295703303,0.0758225569739965,0.9935729166666667,0.0,0.871875,1.4184739543246414
12,650081,e_motorbike,4.064456565227536,4.117006188027981,4.031077274485555,4.121139533773156,-0.09006225928760064,0.9988165983606557,0.007352941176470588,0.8,0.27130772528724784,0.04803123165176938,0.007491416718853044,0.05010332986253913,0.058857469427830995,0.9988165983606557,0.007352941176470588,0.8,1.3556724842359449
13,472433,bike,3.993719362745098,3.2779575163398693,6.656180463598928,6.711975537635251,-0.05579507403632278,0.97425,0.0,0.9479166666666667,0.26414969940078575,0.032672504769401256,0.047731381682154926,0.1687790040745877,0.05937586570362266,0.97425,0.0,0.9479166666666667,1.3494582110361144
14,593201,bike,3.885593394533435,4.535622174856865,6.904606544728542,6.250348996380653,0.654257548347888,0.9890328537904295,0.0,0.9250280583613917,0.25320823646054547,0.05569396782816102,0.05153948219495892,0.14763376719510152,0.07011758937777092,0.9890328537904295,0.0,0.9250280583613917,1.3358678690952832
15,144250,e_motorbikexl,3.697479423868313,4.376768812463257,6.399823828350413,3.924966914886264,2.474856913464149,0.9139999999999999,0.0,0.8888888888888888,0.23417264239728824,0.052786168209766324,0.043801714435819226,0.041117458980074614,0.09765973862826213,0.9139999999999999,0.0,0.8888888888888888,1.3333511662376782
16,694272,e_bike,3.330922803594372,3.0915797551214217,5.65495865171036,5.360818859444809,0.2941397922655512,0.8050246913580247,0.03931813466127191,0.9629629629629629,0.19708011279907073,0.02926087296770596,0.03238374475954799,0.10688800460131587,0.06466970382106121,0.8050246913580247,0.03931813466127191,0.9629629629629629,1.2983870807110138
17,647176,e_bike,3.387090423227594,5.291774110389154,5.107049488861566,5.593304831861983,-0.4862553430004168,0.919416513621059,0.01642837391629662,0.8244949494949494,0.20276381615750336,0.06953527578953207,0.023984895675236696,0.11753724271608788,0.0528638338961972,0.919416513621059,0.01642837391629662,0.8244949494949494,1.2607980249651545
18,585681,e_motorbike,3.057576550529449,4.336322809414597,4.162806671834278,3.9190178689074995,0.24378880292677774,0.901246913580247,0.004830917874396135,0.674074074074074,0.16941970940819703,0.05204580697058101,0.009510684515994312,0.04084495734685818,0.06390799067875776,0.901246913580247,0.004830917874396135,0.674074074074074,1.2347609208595367
19,593211,bike,4.735918202081943,4.127910363879979,6.301682544208992,6.110491787336286,0.19119075687270623,0.9930428396970102,0.0027472527472527475,0.8720418470418471,0.3392541468263716,0.04823083182329602,0.04229731573191987,0.14122747650282536,0.06311228391182008,0.9930428396970102,0.0027472527472527475,0.8720418470418471,1.2282153791953716
20,649157,e_bike,4.043199721953807,4.555994391974784,5.244064822237093,5.5876678934763255,-0.34360307123923206,0.9589537037037038,0.002777777777777778,0.7916666666666666,0.2691567067414467,0.05606687982869243,0.026085191098796222,0.11727903746403318,0.05502188702696784,0.9589537037037038,0.002777777777777778,0.7916666666666666,1.2242328904326563
21,678596,bike,3.663401412001764,4.014914700404594,5.942175366660476,6.081029806320725,-0.1388544396602491,0.952800785634119,0.004115226337448559,0.7759259259259259,0.23072422653492106,0.04616245415609973,0.036786463324821196,0.13987794281739244,0.05811933805207137,0.952800785634119,0.004115226337448559,0.7759259259259259,1.2129410603372905
22,485491,bike,5.0194065981490565,5.160219730272792,6.666635741702646,5.524021727666341,1.1426140140363055,0.9817231564709892,0.016907051282051284,0.9213699494949495,0.3679408520726502,0.06712718212039925,0.04789164967707413,0.11436366511809838,0.07750547873066754,0.9817231564709892,0.016907051282051284,0.9213699494949495,1.211357226964998
23,472695,bike,3.84599256785176,5.523218430309097,8.132402644162418,7.244670125046381,0.8877325191160382,0.9889412878787879,0.014587242026266416,0.8951704545454545,0.2492009569447475,0.07377184777643961,0.07036025549948755,0.19317957949344386,0.07364961438797397,0.9889412878787879,0.014587242026266416,0.8951704545454545,1.2093622462958835
24,587522,bike,4.52073189905067,6.393985039083985,5.68672491501711,5.722561249264118,-0.035836334247007905,0.9677917814508723,0.020135379858289306,0.8762626262626263,0.31747905432264484,0.08971116926484868,0.032870686883491845,0.12345795420016716,0.05967780285721159,0.9677917814508723,0.020135379858289306,0.8762626262626263,1.200722360326845
25,593204,bike,4.23959716681899,6.605827704696568,6.464159599563688,5.403889886809954,1.0602697127537342,0.9781348331802877,0.037912870937544786,0.867929292929293,0.28903052059108286,0.09358893434923932,0.044787911546182564,0.10886091342454692,0.07625976862041099,0.9781348331802877,0.037912870937544786,0.867929292929293,1.1956232066405734
26,499936,e_motorbike,3.987407147629708,4.801042805022657,4.849459357626866,4.112677562819547,0.73678179480732,0.9288150855773806,0.12330624639930512,0.8537037037037037,0.26351095489844134,0.060552473782840316,0.020036320282557533,0.049715721342900955,0.07136602171072674,0.9288150855773806,0.12330624639930512,0.8537037037037037,1.1940310508643122
27,622094,bike,4.643148535468359,5.010264010273452,4.779215506471273,4.716618424109884,0.06259708236138829,0.9759037686700024,0.012225006961849067,0.7696351267779838,0.32986661591202193,0.06438225321980878,0.018959558759006467,0.07737979918920027,0.061166910182749466,0.9759037686700024,0.012225006961849067,0.7696351267779838,1.1815587512233503
28,589766,bike,4.0035495705366015,7.50799681899469,6.746286732470222,6.29181712107162,0.4544696113986014,0.9442230384654626,0.0206341110969442,0.8939393939393939,0.2651444359661504,0.11010307649111899,0.04911261237715833,0.14953325355729266,0.06709518407359594,0.9442230384654626,0.0206341110969442,0.8939393939393939,1.176539758842596
29,649163,e_bike,2.832187213128798,2.9236686209276077,5.251692272893241,5.641246896760734,-0.38955462386749257,0.9852407407407406,0.009401709401709403,0.5703703703703703,0.14661215334111966,0.026187271474001347,0.02620211158726904,0.11973327398417888,0.05432672885816416,0.9852407407407406,0.009401709401709403,0.5703703703703703,1.1731478624646685
30,472059,bike,4.850064288996462,4.651729103446865,6.0899679582589865,5.516131472165261,0.5738364860937254,0.9717567452484861,0.016049305685544534,0.8450056116722783,0.35080479650290264,0.057819296984307156,0.03905196234688756,0.11400224456122017,0.06890097415647221,0.9717567452484861,0.016049305685544534,0.8450056116722783,1.17013377668343
31,589907,bike,4.241027377221375,5.417674028737183,8.395514882099079,7.517327827145662,0.8781870549534158,0.9855163758800123,0.01819924400569562,0.897979797979798,0.2891752461771124,0.07183986493396087,0.07439347875710856,0.20566892138058185,0.07350520996618326,0.9855163758800123,0.01819924400569562,0.897979797979798,1.1507142086391677
32,364173,e_motorbike,4.749358559383531,5.2490710792299975,4.142491135500824,3.7604468758407847,0.3820442596600395,0.8704955871849811,0.015670819560979744,0.8122895622895623,0.3406142009720236,0.06875359980963547,0.009199269530991382,0.03358146421776234,0.0659995284970186,0.8704955871849811,0.015670819560979744,0.8122895622895623,1.1489662668861322
33,641356,bike,3.5047528274280157,3.387792940784662,4.9715670914869055,4.999415427779979,-0.027848336293074222,0.9747441077441077,0.001736111111111111,0.593939393939394,0.21467028836127888,0.034683034483562594,0.021908098486421487,0.0903335812987846,0.05979864582578299,0.9747441077441077,0.001736111111111111,0.593939393939394,1.14555374211656
34,455894,motorbike,2.661111111111111,3.8980864197530867,4.735438234772126,3.9615103579783075,0.7739278767938184,0.9598271604938273,0.05555555555555555,0.5185185185185185,0.12930065212502811,0.04402392070123701,0.018288500993861024,0.042791365680658174,0.07192797012933326,0.9598271604938273,0.05555555555555555,0.5185185185185185,1.1164577138266725
35,524684,e_motorbike,4.71010131072631,8.761011453823954,5.244137323288604,4.669488547441438,0.5746487758471653,0.9858125,0.0625,0.825,0.33664168874001343,0.13303942119354703,0.026086302460736087,0.07522097096509775,0.06891326253031906,0.9858125,0.0625,0.825,1.1084108541102866
36,283943,e_motorbikexl,4.846534839645951,8.822913050940828,5.049228876335067,4.125517830649681,0.9237110456853856,0.8740694444444445,0.027243589743589744,0.8916666666666666,0.3504476451182096,0.13417252557208997,0.023098568832211213,0.05030388185924892,0.07419389994995564,0.8740694444444445,0.027243589743589744,0.8916666666666666,1.1062760000358058
37,676735,bike,3.635058984732419,4.245391908561215,6.689667242554401,5.935923368298073,0.7537438742563284,0.9827037037037036,0.016933493677679726,0.6666666666666666,0.2278562048863478,0.050381323230245724,0.04824469743198538,0.13323120626626503,0.07162262518578807,0.9827037037037036,0.016933493677679726,0.6666666666666666,1.1011008196920584
38,483976,e_motorbike,3.3796280331158846,5.645358984575179,3.5663868935384326,3.4118704150326264,0.15451647850580605,0.985176987093399,0.007150205761316873,0.48148148148148145,0.2020086833600513,0.07600762202593526,0.0003682206762581525,0.01761459235123264,0.06255747297000107,0.985176987093399,0.007150205761316873,0.48148148148148145,1.100951671430085
39,649155,e_bike,3.1193638257772243,4.083032580316077,6.337969549001389,6.211034527762584,0.12693502123880554,0.8919259259259259,0.01910331384015594,0.7000000000000001,0.1756720759162921,0.0474093471536913,0.042853555885649756,0.14583293107016623,0.06214021883537423,0.8919259259259259,0.01910331384015594,0.7000000000000001,1.0989144832245965
40,590533,bike,3.82000425700883,5.045679057264423,6.521484038819193,6.126746208322974,0.39473783049621936,0.9526686466942149,0.01836670274170274,0.7082386363636364,0.24657115260939366,0.06503052316244061,0.0456666325948441,0.14197202550810634,0.06619155768761947,0.9526686466942149,0.01836670274170274,0.7082386363636364,1.0771086887537444
41,676737,bike,4.205679633384587,5.4945337145480915,5.9801199924535196,6.300024968714194,-0.31990497626067527,0.9967182940516275,0.004279835390946503,0.6686868686868687,0.28559834383248583,0.07324677607328649,0.03736811299817113,0.14990922172021773,0.055380393396550175,0.9967182940516275,0.004279835390946503,0.6686868686868687,1.0596224793268383
42,592783,bike,4.421666666666667,2.263333333333333,9.130069619239418,5.112790092548233,4.017279526691184,0.995,0.0,0.6666666666666666,0.3074544636833821,0.014099880509487206,0.08565340065607895,0.0955268142011685,0.12099361132689339,0.995,0.0,0.6666666666666666,1.0379384962896565
43,457710,e_bike,3.428157003523851,4.312748081226342,5.8001902928720295,5.185576440873048,0.6146138519989818,0.99775,0.0,0.5,0.2069194179414736,0.051614273230302286,0.034609987208280936,0.09886086118368843,0.06951785688164704,0.99775,0.0,0.5,1.0362276035546079
44,581593,bike,3.8854632688323334,6.2423075647157455,5.582338309618208,4.9785402137028,0.6037980959154087,0.8168317837465564,0.006414473684210526,0.7400568181818182,0.25319506880471104,0.08693472377171389,0.03127055422535106,0.08937737253017203,0.06935423539851437,0.8168317837465564,0.006414473684210526,0.7400568181818182,1.0203421735137017
45,657653,bike,4.331016610248241,7.526277338045931,7.965762524061897,6.471696605721536,1.4940659183403602,0.9749166666666667,0.03181142114965644,0.7555555555555555,0.29828141997115104,0.11043770010575514,0.06780584444923461,0.157772802137721,0.08282226670070701,0.9749166666666667,0.03181142114965644,0.7555555555555555,0.9815407677079969
46,678679,bike,3.5694941766499735,4.392500759439165,7.689610100539091,5.544598952858768,2.145011147680322,0.9116296296296296,0.0,0.6148148148148148,0.22122158297559885,0.05307414039193394,0.06357272938801609,0.11530622422623342,0.09266980977025631,0.9116296296296296,0.0,0.6148148148148148,0.9805999576924057
47,591501,bike,4.481471207938599,8.578674817533512,6.362479533467131,4.567938265712483,1.7945412677546488,0.8512357995539813,0.0037593984962406013,0.773051948051948,0.31350619374238126,0.12970176189924143,0.04322926717968298,0.07056936502298397,0.08736787793084899,0.8512357995539813,0.0037593984962406013,0.773051948051948,0.9761538833345501
48,622082,bike,4.303367825564463,5.841369136230248,5.6337960056662295,5.823319879196543,-0.189523873530314,0.9353101374570447,0.02599616858237548,0.657716049382716,0.29548358927456897,0.07959557405663796,0.032059344507825244,0.12807329778891147,0.057352807459549654,0.9353101374570447,0.02599616858237548,0.657716049382716,0.974465405169892
49,618510,bike,5.328079677271044,5.699702959777439,6.37521451577231,5.839219797502671,0.5359947182696397,0.9985655496766608,0.012922445400924597,0.6834215167548501,0.3991760411000607,0.0770023846672424,0.04342448055030165,0.12880160846626945,0.06832850135587511,0.9985655496766608,0.012922445400924597,0.6834215167548501,0.952331604890837
50,504542,bike,5.666666666666667,2.783333333333333,6.612529002320185,6.555423122765197,0.057105879554987915,0.9743333333333333,0.0,0.7,0.433438272993029,0.023618443911492273,0.047062252453354284,0.1616079738138793,0.06108383889855788,0.9743333333333333,0.0,0.7,0.9475225512630204
51,591520,bike,3.9309349599017156,5.351271541858641,6.167027846897135,6.315171611840104,-0.14814376494297013,0.8982770125497398,0.019619661224528386,0.6217171717171718,0.25779643174179717,0.07062437208510662,0.04023320628112024,0.15060302792112631,0.057978808516427636,0.8982770125497398,0.019619661224528386,0.6217171717171718,0.9231386764968051
52,593212,bike,6.660075792236218,5.892095299055413,7.095199522309461,5.026213060357893,2.0689864619515683,0.9519608594733654,0.03259243128145567,0.8409090909090909,0.5339631451554526,0.08052411289700674,0.05446106439100886,0.09156107200399713,0.09151970322777198,0.9519608594733654,0.03259243128145567,0.8409090909090909,0.9082484214257633
53,276993,e_motorbikexl,5.1851345545924,8.896817752179594,6.150315586416882,4.095715686229975,2.0545999001869064,0.8786574074074074,0.0180602089934722,0.7462962962962963,0.3847111647327592,0.13552534592679658,0.03997702557973986,0.04893876666990416,0.09130206235690502,0.8786574074074074,0.0180602089934722,0.7462962962962963,0.9064391294441267
54,644184,bike,5.891605289001123,7.449809974747475,8.276986278316786,7.2805658904259,0.9964203878908845,1.0561922635445362,0.03184554394231814,0.7752840909090909,0.4562002203846425,0.10903797040240801,0.07257656470849948,0.19482381870867085,0.07529385175335583,1.0561922635445362,0.03184554394231814,0.7752840909090909,0.8916983845537323
55,531159,e_motorbike,3.563492877810037,4.938449704105843,3.542365568658446,3.5195016292395045,0.022863939418940937,0.6402380952380952,0.008403361344537815,0.6142857142857142,0.22061430065538942,0.06306769739975612,0.0,0.022544741111409652,0.060565824532561895,0.6402380952380952,0.008403361344537815,0.6142857142857142,0.8793278844801544
56,461206,bike,6.659278622038377,6.525183601981824,7.190092295718248,6.6668885989980895,0.5232036967201589,0.9591658918732783,0.05080670963023904,0.8710227272727273,0.5338824780565032,0.09211274972483911,0.055915666973138156,0.16671375454395507,0.06813499792435021,0.9591658918732783,0.05080670963023904,0.8710227272727273,0.8626222622929808
57,405143,bike,1.3833333333333333,7.483333333333333,4.933553567520245,5.608228131898454,-0.6746745643782095,0.9586666666666667,0.0,0.2,0.0,0.1096516131219227,0.021325392679315023,0.11822081847721555,0.05001341528335916,0.9586666666666667,0.0,0.2,0.8594554271048542
58,461915,motorbike,4.404629629629629,3.0856481481481484,4.162459497325911,3.53562974102239,0.6268297563035216,0.9974285714285713,0.0,0.2857142857142857,0.30573045498838164,0.029152295319531195,0.009505362709937026,0.02328350440509093,0.06970265990093397,0.9974285714285713,0.0,0.2857142857142857,0.8457685798189823
59,641340,bike,5.361231676028015,3.5833078772725986,6.750706893390126,6.533963177395463,0.2167437159946628,0.9982237325178214,0.020767195767195767,0.5819304152637486,0.40253075201542765,0.03826192163548455,0.049180368616717506,0.16062498087974122,0.06349885079051593,0.9982237325178214,0.020767195767195767,0.5819304152637486,0.8452900780764874
60,674783,e_motorbike,4.328944119345035,3.9008083995797276,5.76714943058157,5.184541137659226,0.5826082929223442,0.9613888888888888,0.03443365197681727,0.44999999999999996,0.2980717008556928,0.04407374635038865,0.03410350687393095,0.09881343814852485,0.06903367463824726,0.9613888888888888,0.03443365197681727,0.44999999999999996,0.8328591700452871
61,480282,bike,3.310563177616265,8.502371382500483,8.13055470721115,5.828162089797446,2.3023926174137044,0.9718076790633609,0.11852945286155579,0.571590909090909,0.19501988529959957,0.12830503289125553,0.07033192864419217,0.1282950997890698,0.09505068719541221,0.9718076790633609,0.11852945286155579,0.571590909090909,0.8078665014731848
62,438598,e_motorbikexl,4.129471196098258,8.358442837202253,3.7104458423881996,3.786389808119357,-0.07594396573115755,0.8936785714285714,0.004081632653061224,0.41428571428571426,0.27788667376753234,0.12567043099937175,0.0025764870325695136,0.03476980457377391,0.05907105191925902,0.8936785714285714,0.004081632653061224,0.41428571428571426,0.8039082047687178
63,465133,e_bike,3.635408325012621,4.756358355991918,5.038888186418183,4.931171815000559,0.1077163714176248,0.9281425133883341,0.00625,0.31754079254079254,0.2278915552632515,0.059734528088258104,0.022940057349052214,0.08720761858049947,0.061849477812439685,0.9281425133883341,0.00625,0.31754079254079254,0.7798100688356258
64,655807,bike,6.070515588127198,4.493025592985031,6.659299195513878,6.192652685356557,0.4666465101573219,0.8002407407407408,0.022785999530185577,0.7888888888888889,0.4743044782229006,0.05491424039497689,0.047779188436383846,0.1449909335305524,0.06727939701437073,0.8002407407407408,0.022785999530185577,0.7888888888888889,0.7770753925002597
65,545148,motorbike,8.200694444444444,5.007638888888889,5.465048166118183,3.642404836502573,1.82264332961561,0.9863629756682446,0.0,0.6892857142857143,0.6898611423431528,0.0643342005576224,0.0294726244203228,0.028174437843671123,0.08779300780667519,0.9863629756682446,0.0,0.6892857142857143,0.7760132769825145
66,503650,bike,5.9180158730158725,3.2120282186948854,7.811346554916197,6.48570476683289,1.3256417880833078,0.9993703703703704,0.0,0.5592592592592592,0.45887275530855465,0.03146567361616387,0.06543881628288815,0.15841445910168273,0.08027433516683675,0.9993703703703704,0.0,0.5592592592592592,0.7641635901535034
67,480394,cargobike,2.474839743589744,5.785719373219373,3.667840154530927,4.3942653015461035,-0.7264251470151764,0.9425277777777777,0.0,0.12136752136752138,0.11045151441767141,0.07857690906139649,0.0019233883682106942,0.06261411193705876,0.049230528999810334,0.9425277777777777,0.0,0.12136752136752138,0.7610988463611514
68,509084,e_motorbike,3.5013457662870273,8.155256299439236,4.723152295675646,4.55837412213535,0.16477817354029567,0.8750488980716253,0.021460142679900745,0.3945075757575758,0.21432552166160612,0.12195111572604257,0.018100170965222952,0.07013127045212535,0.06271271258043833,0.8750488980716253,0.021460142679900745,0.3945075757575758,0.7608755397638651
69,359781,e_motorbike,7.751101591645071,6.516373280503715,5.8616102983604375,4.8066138218648256,1.0549964764956112,0.9379209203002288,0.005291005291005291,0.7572671156004489,0.6443660256892921,0.09195147741025946,0.03555148881444603,0.08150212282860793,0.07617999474877446,0.9379209203002288,0.005291005291005291,0.7572671156004489,0.7603459211182924
70,651704,bike,4.329008838383838,4.641111111111111,7.648142004146694,7.266788153285647,0.381353850861046,0.885712962962963,0.15132947118241236,0.7027777777777778,0.29807824989267534,0.057624935381903546,0.06293706875842822,0.1941927165309187,0.06598908394642165,0.885712962962963,0.15132947118241236,0.7027777777777778,0.758339215047981
71,472716,bike,2.910649136257342,8.954078225293722,6.8269656552008176,5.359542231917688,1.4674234232831291,1.1780648148148147,0.06818114119014547,0.1611111111111111,0.15455185772786237,0.13657349485711512,0.05034933215161132,0.10682952747954017,0.08241921724933862,1.1780648148148147,0.06818114119014547,0.1611111111111111,0.7402713552703127
72,479636,motorbike,5.255114638447972,1.9950176366843033,5.261367944418702,3.398672628566499,1.8626953158522024,0.899537037037037,0.0,0.35555555555555557,0.39179257641142057,0.009188380566589225,0.02635042906476694,0.017010055358293096,0.0883989169395922,0.899537037037037,0.0,0.35555555555555557,0.7223522342519306
73,382413,e_motorbikexl,4.892191899040425,5.046219380766408,4.991114435209473,4.061499948440908,0.9296144867685664,0.9938518518518519,0.014379084967320262,0.30000000000000004,0.3550677658125008,0.06504041374611608,0.02220773791765749,0.047371482694875525,0.07428320760243527,0.9938518518518519,0.014379084967320262,0.30000000000000004,0.7155021591109465
74,280920,e_motorbikexl,4.836038475886857,6.975193032846208,4.503760543771267,4.132390607952051,0.37136993581921557,0.9318663194444444,0.035963659995918065,0.39791666666666664,0.3493854990216069,0.10035014068480616,0.014737135010491051,0.0506186958725065,0.06583804661033603,0.9318663194444444,0.035963659995918065,0.39791666666666664,0.7128898089154464
75,284449,e_motorbike,6.933333333333334,2.712222222222222,7.248221560366645,3.984061936529799,3.2641596238368455,0.9973333333333334,0.34375,0.8333333333333334,0.5616145716213179,0.022316760027457392,0.05680672511610739,0.043824361896997115,0.10960036294651451,0.9973333333333334,0.34375,0.8333333333333334,0.6927538850582724
76,676744,bike,4.895354894579629,6.1303157184485375,6.592107654366631,6.391677695039966,0.20042995932666477,0.9743822629065308,0.01065117404986686,0.4305555555555556,0.3553878350710217,0.08488472090786385,0.046749215491774125,0.15410746084993082,0.06325205518595,0.9743822629065308,0.01065117404986686,0.4305555555555556,0.689905356905679
77,643403,motorbike,8.833333333333334,9.933333333333334,14.176918570591683,3.7878787878787876,10.389039782712896,1.0,0.0,1.0,0.753879019563751,0.15449869068906197,0.16301608331926365,0.03483800868880671,0.2173860276499055,1.0,0.0,1.0,0.6763821700892112
78,591459,motorbike,4.16375,2.9049404761904762,6.374774056932718,3.854024314187369,2.520749742745349,0.9455251650706196,0.0,0.21515151515151515,0.28135540814031934,0.025844454102689204,0.04341772879732429,0.037867866587600794,0.09835400842633461,0.9455251650706196,0.0,0.21515151515151515,0.6738372141678665
79,655803,bike,5.233954779788113,7.037029681566718,6.637657149754663,5.595390881329978,1.0422662684246846,0.8704566880930518,0.08681827431827432,0.6202020202020202,0.3896513719146955,0.10148205618752479,0.04744743951059053,0.11763279616936899,0.07598741130763013,0.8704566880930518,0.08681827431827432,0.6202020202020202,0.6716393588869878
80,416535,motorbike,10.442013888888889,4.752083333333333,7.959507077754065,4.504512364398492,3.454994713355572,0.9953472222222223,0.05,0.95,0.9166643242635486,0.05965627409937204,0.06770995528902907,0.0676640820989686,0.1124873289745511,0.9953472222222223,0.05,0.95,0.6711652574967528
81,685061,bike,2.9972222222222222,1.8106481481481482,5.269904217425248,4.193455072856795,1.0764491445684528,0.9964444444444445,0.0,0.0,0.16331234540139422,0.005813510054999535,0.026481280807328953,0.05341581098599333,0.0765045321495912,0.9964444444444445,0.0,0.0,0.6709169650451372
82,475943,e_motorbike,3.9139636549341015,6.780617583057907,3.834162387989614,3.583154764975274,0.2510076230143397,0.9187530864197532,0.0668035668035668,0.26450617283950617,0.25607907459418616,0.09678845077079924,0.004472926563414425,0.02546043272133511,0.06401719747300015,0.9187530864197532,0.0668035668035668,0.26450617283950617,0.6696376103329574
83,587703,bike,6.851905328798186,5.377553854875283,9.312394909719393,7.871162556190632,1.4412323535287614,0.9206732122402226,0.06286812416195306,0.8166666666666667,0.5533747240744735,0.0711054679751071,0.08844824823817189,0.22187665315768146,0.08202299699021602,0.9206732122402226,0.06286812416195306,0.8166666666666667,0.6576436643092862
84,655808,e_bike,4.596270305393112,4.920819177573564,7.521588959599629,9.068157737848116,-1.5465687782484892,0.7910277777777778,0.03824476650563607,0.65,0.3251229227404769,0.0627449718524326,0.060997148796541674,0.27670614062814225,0.036823341163168814,0.7910277777777778,0.03824476650563607,0.65,0.6403884860913797
85,495768,motorbike,4.859005731922399,4.488977072310406,5.822840770025503,3.709037714342474,2.113803055683029,0.9967222222222222,0.0,0.15,0.3517095973386732,0.054840132508965835,0.03495719428602088,0.03122661933665312,0.09219769166229597,0.9967222222222222,0.0,0.15,0.5817909870896132
86,480394,bike,3.4886838624338625,4.454933862433863,4.945794601072827,4.011118842514193,0.934675758558634,0.9425694444444445,0.0,0.036111111111111115,0.2130442406330646,0.054216973948162675,0.021513034355007357,0.04506372886387708,0.07435977486138871,0.9425694444444445,0.0,0.036111111111111115,0.5704828028940551
87,593206,bike,4.001579261854625,6.488440197483676,5.387192968630039,5.012055981964285,0.3751369866657536,0.9333425925925926,0.0,0.16038359788359788,0.26494505685508907,0.09144016429152924,0.028279189269991824,0.0909125937441884,0.06589503480808975,0.9333425925925926,0.0,0.16038359788359788,0.5522541515073022
88,503636,motorbike,2.1625,4.2125,7.2277176340619205,5.215283046304594,2.0124345877573266,0.9839506172839507,0.24285714285714288,0.17777777777777778,0.07884528895884868,0.04977923915899019,0.05649242231858921,0.10022160012003362,0.09066418268366076,0.9839506172839507,0.24285714285714288,0.17777777777777778,0.5428685189644632
89,650079,e_motorbike,5.321109938071045,11.083150409961556,6.384088574267365,4.494761005256304,1.8893275690110614,0.9784999999999999,0.0,0.325,0.39847076054238145,0.17554601135174247,0.04356051017550047,0.06721741194348294,0.08880181145083538,0.9784999999999999,0.0,0.325,0.5299034945360572
90,371802,e_motorbike,3.9928980167637573,4.387308674264692,4.5137659028803485,4.1751146799083,0.3386512229720491,0.9497614274804997,0.0,0.015873015873015872,0.264066585910432,0.05297909963823812,0.01489050623858768,0.05257571207767491,0.06534307572888509,0.9497614274804997,0.0,0.015873015873015872,0.5157794637596979
91,653760,e_motorbike,4.081888794168744,4.6297104864042735,6.352020907991873,5.498251509977324,0.8537693980145489,0.9682743055555556,0.08018146727824146,0.1375,0.27307172416818865,0.057416247749029516,0.0430689478732138,0.11318323611592442,0.07313581801502513,0.9682743055555556,0.08018146727824146,0.1375,0.46571686435593257
92,634086,bike,4.474435984587881,4.995032616216343,5.61420436625121,4.97569071348001,0.638513652771199,0.9916041666666667,0.0,0.025,0.3127942867246563,0.0641034436235905,0.03175902607200014,0.0892468484987,0.06987941466999845,0.9916041666666667,0.0,0.025,0.44882114707772136
93,472480,bike,9.346914861454335,5.2336340040726,6.389566375272573,6.0001831983257246,0.38938317694684876,0.9915925129142091,0.0196078431372549,0.5705667789001123,0.805849266394075,0.0684710252353524,0.04364447888249822,0.13617468807750865,0.06611055212974265,0.9915925129142091,0.0196078431372549,0.5705667789001123,0.4223014379578897
94,649156,bike,4.936597784951927,7.665051926478218,6.754600171894151,5.949704838767751,0.8048953331264002,0.7034762888626525,0.040337220337220335,0.48474025974025975,0.35956127799153753,0.11297795917994721,0.04924004832425968,0.13386247945267454,0.07239644788482538,0.7034762888626525,0.040337220337220335,0.48474025974025975,0.4198411154324475
95,457604,bike,2.3655092592592593,3.7842592592592594,9.772096645182904,5.025364739407006,4.746731905775898,0.9840462962962963,0.1111111111111111,0.0,0.09938816430552433,0.041940322539639495,0.09549497379369895,0.09152221386683802,0.1320288158209882,0.9840462962962963,0.1111111111111111,0.0,0.41256069485849617
96,515998,bike,2.129166666666667,6.258482142857143,10.845798297320416,8.119902319335718,2.7258959779846967,0.9825416666666666,0.0,0.037500000000000006,0.07547222846863057,0.08723079828621308,0.1119536475106912,0.2332704114081398,0.10145747442626792,0.9825416666666666,0.0,0.037500000000000006,0.41065710656672405
97,647174,e_bike,2.746765045207074,5.359112100996159,7.585876053907634,5.18541302487616,2.4004630290314726,0.8856666666666667,0.03654349444015885,0.011111111111111112,0.1379681291529533,0.07076789296829436,0.06198259974310821,0.09885337576061314,0.09653430295711561,0.8856666666666667,0.03654349444015885,0.011111111111111112,0.3941279827555343
98,440939,e_motorbike,2.966989989177489,10.237840139843817,4.755788441947037,4.268148621364638,0.4876398205823997,0.7738888888888888,0.10967057589626239,0.17916666666666667,0.16025309087696654,0.16007266635081605,0.018600447444998787,0.056837219062477046,0.06759698522189626,0.7738888888888888,0.10967057589626239,0.17916666666666667,0.38002457070213846
99,476553,bike,4.353320942855257,5.2406534206534205,7.7535531785549505,5.86386996761828,1.8896832109366717,0.9908147382920109,0.026570925920266608,0.06363636363636364,0.3005384358634733,0.06859951516183244,0.06455290694053085,0.12993073263837096,0.08880719162572864,0.9908147382920109,0.026570925920266608,0.06363636363636364,0.3754513937781718
100,681650,bike,4.614235948836127,7.414192838342501,6.569062774105095,5.921733608312597,0.6473291657924977,0.9904651416122005,0.0,0.05,0.3269408988028462,0.10838600122727607,0.046395962645122836,0.13258123099547475,0.07001277634198648,0.9904651416122005,0.0,0.05,0.3561482715994941
101,539244,e_motorbike,3.408891060211,5.592298661145186,5.203600799157609,4.202956710626183,1.0006440885314258,0.8467777777777779,0.06305225624447591,0.0,0.20496986217561278,0.0750363565399751,0.025464921816527503,0.053851042419677225,0.07535774817980755,0.8467777777777779,0.06305225624447591,0.0,0.34904559040170174
102,681640,bike,3.875870600322355,5.608123634000827,8.457510137822636,7.886246947565472,0.5712631902571639,0.9834814814814814,0.03253968253968254,0.08888888888888889,0.252224369270308,0.075326031554324,0.07534379832113662,0.22256760785871965,0.06886204516454009,0.9834814814814814,0.03253968253968254,0.08888888888888889,0.3455068356616594
103,641359,bike,4.641812539404794,7.6259635387354345,6.29743508261069,5.8349973232877375,0.4624377593229535,1.0010237111373474,0.0035714285714285718,0.027272727272727275,0.32973142404590905,0.11226244899338599,0.0422322067843526,0.1286081940727867,0.06721572674958906,1.0010237111373474,0.0035714285714285718,0.027272727272727275,0.3446750091926228
104,480526,bike,4.168779208264502,10.153270457755752,7.115813609328049,4.449702741230425,2.6661108680976238,0.983814738292011,0.03463369688979445,0.05,0.2818643228511415,0.15852462427227249,0.054777055831961935,0.06515347588032626,0.10055304127583582,0.983814738292011,0.03463369688979445,0.05,0.3383085212906785
105,547138,e_motorbike,3.3683738425925926,7.589580702861953,7.540594758655761,4.2642945776080285,3.2763001810477324,0.87725,0.049999999999999996,0.0,0.2008698513979462,0.11159646374337354,0.06128848693947259,0.05666068097184662,0.10978402610991732,0.87725,0.049999999999999996,0.0,0.2870504908374438
106,681631,bike,4.628472222222222,1.4930555555555556,9.102488649773626,5.499944462810619,3.6025441869630064,0.9870370370370369,0.06481481481481481,0.0,0.3283814931414437,0.0,0.08523061451587688,0.11326078340899931,0.11471946730316568,0.9870370370370369,0.06481481481481481,0.0,0.2806298638527365
107,457699,e_motorbike,3.4486642534196883,16.717254537710453,4.19594184783491,3.685062540161171,0.5108793076737395,0.9385794013191274,0.09856108906407286,0.036111111111111115,0.20899458377307395,0.2786778908776585,0.010018610576519434,0.030128413986690392,0.06794855374061518,0.9385794013191274,0.09856108906407286,0.036111111111111115,0.2803613704116083
108,439035,motorbike,4.795833333333333,1.9319444444444445,7.415737851262488,3.601736857022413,3.814000994240075,0.9972291666666667,0.1875,0.025,0.34531706768608056,0.008033830221777782,0.059374566907769585,0.026311602883660024,0.11791840005995344,0.9972291666666667,0.1875,0.025,0.2777736989074253
109,472492,bike,7.328888888888889,4.524444444444444,6.738262956954629,5.6174215172397854,1.1208414397148436,0.9791666666666666,0.05555555555555555,0.25,0.6016415561052396,0.05548936025965881,0.048989616661424235,0.11864193011919028,0.0771761017666748,0.9791666666666666,0.05555555555555555,0.25,0.27167254619892345
110,423205,e_motorbike,4.965965413943355,5.940168845315904,5.175345877748884,5.222947647349616,-0.04760176960073165,0.6079502065666449,0.0,0.2819940476190476,0.3625330416628086,0.08140409577785235,0.02503180472907619,0.10057268436281411,0.059499814562412545,0.6079502065666449,0.0,0.2819940476190476,0.26090281309072866
111,675356,bike,6.1111681906208055,3.084594570431989,6.27785694347082,5.154173283961617,1.1236836595092035,0.990104938271605,0.010898458266879319,0.0,0.4784181888417726,0.029133009653588494,0.04193209529300162,0.09742241011488464,0.07721909905826946,0.990104938271605,0.010898458266879319,0.0,0.25508167704320883
112,651761,bike,3.471279761904762,5.663095238095238,20.786379874577143,6.913941904300123,13.87243797027702,0.9671666666666667,0.12499999999999999,0.375,0.2112830881171898,0.07633228289832895,0.26433190678923696,0.17803026301046104,0.27008310896227605,0.9671666666666667,0.12499999999999999,0.375,0.21710601688917408
113,457602,e_motorbike,3.749471693200137,5.7584852638438555,3.7166568865265557,3.31458833383604,0.4020685526905157,0.635619913872265,0.026455026455026454,0.0,0.23943383448168692,0.07807839060603494,0.002671695556009456,0.013158495339478014,0.06630245734443457,0.635619913872265,0.026455026455026454,0.0,0.2095200140895947
114,683252,e_bike,7.121740467564223,6.057356246421381,7.038986894080311,5.663577062942991,1.3754098311373189,0.863638888888889,0.009459924320605434,0.26944444444444443,0.5806798314378009,0.0835492029073498,0.053599386191151094,0.12075612819918753,0.08102722945866296,0.863638888888889,0.009459924320605434,0.26944444444444443,0.20401163081857565
115,465128,bike,2.6944781519220373,4.87013165218854,8.645403983540046,8.53244781330791,0.11295617023213797,0.810423106947697,0.04852197289172079,0.028571428571428574,0.13267712353607305,0.061817140267686276,0.07822400577349291,0.2521674448627121,0.0619287458401876,0.810423106947697,0.04852197289172079,0.028571428571428574,0.2036581023472529
116,512738,bike,7.636111111111112,2.6,5.635754566083617,5.584500971865023,0.051253594218592546,0.9964444444444446,0.0,0.06666666666666667,0.6327299302900833,0.02026254014796485,0.0320893671000422,0.11713397364801481,0.06099530513364515,0.9964444444444446,0.0,0.06666666666666667,0.199899994791361
117,655802,bike,5.7001679102790215,5.737396508840953,5.974223161869077,5.443535116093742,0.5306880457753347,0.5803193041526374,0.018518518518518517,0.35631313131313136,0.43682832462908916,0.0776923624299494,0.037277721025353996,0.1106769003521376,0.06824822165861602,0.5803193041526374,0.018518518518518517,0.35631313131313136,0.18739038685210416
118,377316,e_motorbikexl,6.128415457998791,8.374587587526184,5.2195769470619116,5.185896819773835,0.03368012728807537,0.6370524691358025,0.07517067759003243,0.4166666666666667,0.48016347112647995,0.12596595951777154,0.0257098187160413,0.09887553643985965,0.06072945254777547,0.6370524691358025,0.07517067759003243,0.4166666666666667,0.18710421986450876
119,655806,bike,7.917757936507937,8.675925925925927,7.072169184378195,5.7643736481465035,1.3077955362316918,0.9850599173553719,0.013157894736842105,0.2590909090909091,0.661230283658325,0.13148193659375773,0.05410803446239865,0.1253732103647385,0.08000435587239287,0.9850599173553719,0.013157894736842105,0.2590909090909091,0.17879511075782617
120,681637,bike,6.664097401025505,3.9499011905547854,7.121342299913887,5.662046933812425,1.4592953661014612,0.9668395061728395,0.010101010101010102,0.0,0.5343700990468805,0.04497238643399917,0.05486180462065325,0.12068603919859823,0.08229625545538034,0.9668395061728395,0.010101010101010102,0.0,0.119551911316318
121,595199,bike,8.590277777777779,4.564814814814815,3.792796661490376,6.412273310544126,-2.6194766490537496,0.975111111111111,0.0,0.06666666666666668,0.7292837868225772,0.05622833704799113,0.0038388351524885687,0.15505086234355098,0.02059231896468628,0.975111111111111,0.0,0.06666666666666668,0.07678363744648356
122,591508,bike,6.06507690122457,7.426079204619751,8.374323232844496,6.38403462497637,1.9902886078681261,0.98438816827221,0.06929982030712915,0.03125,0.4737541276256031,0.10860358032540965,0.07406863391784455,0.1537573628539577,0.09032915681520573,0.98438816827221,0.06929982030712915,0.03125,0.04582548642706015
123,525921,bike,7.279513888888888,3.9524305555555554,11.50494698158387,6.780978074852744,4.723968906731127,0.9073333333333333,0.0875,0.2888888888888889,0.5966452102541039,0.045018686282319635,0.12205767697146316,0.17193973003887913,0.13168445564538203,0.9073333333333333,0.0875,0.2888888888888889,0.041376463030074445
124,359415,e_motorbikexl,4.674488936988937,6.496279761904762,6.636323415335343,4.747144623412344,1.8891787919229988,0.6830555555555556,0.1436813186813187,0.13333333333333333,0.333038008015521,0.09158366696650272,0.04742699481853943,0.07877808039185087,0.08879956074107298,0.6830555555555556,0.1436813186813187,0.13333333333333333,0.033081259274083286
125,675340,bike,5.362846138455382,4.707986250055577,6.267236350049974,5.041449962088995,1.2257863879609783,0.7629523809523809,0.07015207015207016,0.0,0.40269412239822844,0.05884908009355893,0.041769293194814906,0.09225901258500872,0.07876371597936872,0.7629523809523809,0.07015207015207016,0.0,0.018465086549331086
126,554414,bike,4.705555555555556,12.08611111111111,7.222565984943192,6.089476238404943,1.1330897465382495,0.9735555555555555,0.16666666666666666,0.0,0.3361816955250731,0.19390513639714918,0.05641345316381444,0.14026483956453764,0.07736139497343943,0.9735555555555555,0.16666666666666666,0.0,0.0027623692648751363
127,653790,bike,2.225,2.6,19.86905432572558,7.532629184936279,12.3364251407893,0.9936666666666667,0.25,0.05,0.08516977737800767,0.02026254014796485,0.25027030795426086,0.2063698144318805,0.24684620390177223,0.9936666666666667,0.25,0.05,-0.015251977147219417
128,468806,bike,11.265555555555554,3.6733333333333333,12.53684636369177,6.815713847663671,5.721132516028099,0.9798095238095238,0.0,0.4857142857142857,1.0,0.03990983127261633,0.13787556754196656,0.17353083470604772,0.1467696135777874,0.9798095238095238,0.0,0.4857142857142857,-0.03256203757460846
129,593167,bike,5.479911974259401,2.616714479352347,6.946795978273367,5.928014947211579,1.0187810310617875,0.8480743365788469,0.31056216261808367,0.11284722222222221,0.4145402267633754,0.020568497516131812,0.05218620013530729,0.13286895361770162,0.0756321250623277,0.8480743365788469,0.31056216261808367,0.11284722222222221,-0.04543660691185836
130,688800,e_motorbike,2.9183333333333334,18.9925,8.312308611707756,5.123985532892074,3.1883230788156824,0.9739549213895113,0.2857142857142857,0.0,0.15532943557454465,0.320326098931365,0.07311801750318174,0.09603963185111838,0.10845310260926778,0.9739549213895113,0.2857142857142857,0.0,-0.06502565079425193
131,284449,bike,5.65,1.9766666666666666,5.35199665914657,3.027322188448428,2.324674470698142,0.2,0.0,0.2,0.43175174274792005,0.008852467351971592,0.02773966828417843,0.0,0.0953877685656995,0.2,0.0,0.2,-0.1637316469497696
132,541992,e_motorbike,3.873958333333334,8.384236111111111,5.514461682199653,3.663385651513984,1.851076030685669,0.5770000000000001,0.24863636363636366,0.0,0.2520308635034856,0.1261425750629232,0.030230079656398113,0.029135483762164543,0.08822313961462305,0.5770000000000001,0.24863636363636366,0.0,-0.19739850523595803
133,425353,e_motorbike,10.315069444444445,9.837534722222223,4.069011823553551,4.242829824684861,-0.17381800113130977,0.9344444444444444,0.03125,0.0,0.9038185855633013,0.1527451038550521,0.008072911927012993,0.05567746782321249,0.057590406950141,0.9344444444444444,0.03125,0.0,-0.27471003167427566
134,678593,bike,3.0290277777777774,2.4618650793650794,17.072348972443937,5.277196573868946,11.79515239857499,0.6947777777777778,0.25535714285714284,0.0,0.16653080728581063,0.017733990147783252,0.20739986922429146,0.10305760734534343,0.23865779357002567,0.6947777777777778,0.25535714285714284,0.0,-0.2939594326526195
135,647263,bike,7.471875,2.3270833333333334,19.700107722690355,6.033160360431045,13.66694736225931,0.9630000000000001,0.0,0.0,0.6161105801664043,0.015266819772713791,0.2476805410395734,0.13768523793115242,0.2669744332678645,0.9630000000000001,0.0,0.0,-0.32071761217770844
136,405143,motorbike,8.166666666666666,2.05,6.296032311712995,5.301285741700249,0.9947465700127465,0.9071111111111111,0.3333333333333333,0.0,0.6864178097593884,0.010194828857382562,0.04221070383848408,0.1041610342814079,0.07526853012428074,0.9071111111111111,0.3333333333333333,0.0,-0.34447512908316585
137,480283,bike,4.778252498530276,7.095407113462668,6.389265922294191,10.369942181894338,-3.9806762596001457,0.6309666059502125,0.23598558686277984,0.0,0.34353803110830317,0.10255065096973216,0.04363987326647011,0.33633559858906587,0.0,0.6309666059502125,0.23598558686277984,0.0,-0.4310831348461387
138,471437,e_motorbike,8.539873354884797,6.655740072990263,7.439913989940759,5.569449742656684,1.870464247284075,0.9645472145699419,0.3441149249630108,0.0,0.7241832718008003,0.09450257673798501,0.059745160710480305,0.11644453797113019,0.08851644585513141,0.9645472145699419,0.3441149249630108,0.0,-0.46295970346859633
139,485495,bike,7.158796296296296,5.038888888888889,68.77858512072365,6.656963097128286,62.121622023595364,0.9247380952380952,0.0,0.8571428571428571,0.5844295779926542,0.06490622960822366,1.0,0.16625910761742788,1.0,0.9247380952380952,0.0,0.8571428571428571,-1.033713962837353
140,473954,e_motorbike,5.675694444444445,56.12314814814815,5.649512002919532,6.506805753437213,-0.8572937505176821,0.9767900970319635,0.41875,0.0,0.4343518102091298,1.0,0.032300253581974754,0.15938100959274992,0.047250739992447256,0.9767900970319635,0.41875,0.0,-1.1152437163443383
141,685063,bike,5.325,1.9833333333333334,28.841612221893914,24.858552733916518,3.983059487977398,0.936,0.5,0.0,0.3988644029682933,0.008974500216099865,0.3878098213990476,1.0,0.12047592828708166,0.936,0.5,0.0,-1.4801246528705225
142,405141,motorbike,,,,,,1.0,0.0,1.0,,,,,,1.0,0.0,1.0,
143,512711,bike,,,,,,0.7623333333333333,1.0,0.0,,,,,,0.7623333333333333,1.0,0.0,
144,619693,bike,,,,,,0.5523333333333333,1.0,0.0,,,,,,0.5523333333333333,1.0,0.0,
145,650097,bike,,,,,,1.0,0.0,0.4,,,,,,1.0,0.0,0.4,
146,676819,bike,,,,,,0.8704852150151751,0.9357142857142857,0.0,,,,,,0.8704852150151751,0.9357142857142857,0.0,
